block,word,wd_int_syl,tar_syl,wd_status,matching,lemma,first_3,item_type,corrAns
block01,balada,CV,CV,word,match,bal,bal,critical,1
block01,rendija,CVC,CV,word,mismatch,bal,ren,filler01,None
block01,tortuga,CVC,CV,word,mismatch,bal,tor,filler02,None
block01,semilla,CV,CV,word,match,bal,sem,filler03,None
block01,torpeza,CVC,CV,word,mismatch,bal,tor,filler04,None
block01,sortija,CVC,CV,word,mismatch,bal,sor,filler05,None
block01,tersura,CVC,CV,word,mismatch,bal,ter,filler06,None
block01,picota,CV,CV,word,match,bal,pic,filler07,None
block01,sotana,CV,CV,word,match,bal,sot,filler08,None
block01,sonido,CV,CV,word,match,bal,son,filler09,None
block02,baldosa,CVC,CV,word,mismatch,bal,bal,critical,1
block02,renombre,CV,CV,word,match,bal,ren,filler01,None
block02,tortuga,CVC,CV,word,mismatch,bal,tor,filler02,None
block02,semilla,CV,CV,word,match,bal,sem,filler03,None
block02,torpeza,CVC,CV,word,mismatch,bal,tor,filler04,None
block02,sortija,CVC,CV,word,mismatch,bal,sor,filler05,None
block02,tersura,CVC,CV,word,mismatch,bal,ter,filler06,None
block02,picota,CV,CV,word,match,bal,pic,filler07,None
block02,sotana,CV,CV,word,match,bal,sot,filler08,None
block02,sonido,CV,CV,word,match,bal,son,filler09,None
block03,balada,CV,CVC,word,mismatch,bal,bal,critical,1
block03,punzada,CVC,CVC,word,match,bal,pun,filler01,None
block03,mortaja,CVC,CVC,word,match,bal,mor,filler02,None
block03,puntilla,CVC,CVC,word,match,bal,pun,filler03,None
block03,vergüenza,CVC,CVC,word,match,bal,ver,filler04,None
block03,vendaje,CVC,CVC,word,match,bal,ven,filler05,None
block03,remanso,CV,CVC,word,mismatch,bal,rem,filler06,None
block03,recodo,CV,CVC,word,mismatch,bal,rec,filler07,None
block03,rimero,CV,CVC,word,mismatch,bal,rim,filler08,None
block03,fineza,CV,CVC,word,mismatch,bal,fin,filler09,None
block04,baldosa,CVC,CVC,word,match,bal,bal,critical,1
block04,punzada,CVC,CVC,word,match,bal,pun,filler01,None
block04,mortaja,CVC,CVC,word,match,bal,mor,filler02,None
block04,puntilla,CVC,CVC,word,match,bal,pun,filler03,None
block04,vergüenza,CVC,CVC,word,match,bal,ver,filler04,None
block04,vendaje,CVC,CVC,word,match,bal,ven,filler05,None
block04,remanso,CV,CVC,word,mismatch,bal,rem,filler06,None
block04,recodo,CV,CVC,word,mismatch,bal,rec,filler07,None
block04,rimero,CV,CVC,word,mismatch,bal,rim,filler08,None
block04,fineza,CV,CVC,word,mismatch,bal,fin,filler09,None
block05,balega,CV,CV,nonword,match,bal,bal,critical,1
block05,soponso,CV,CV,nonword,match,bal,sop,filler01,None
block05,zictencia,CVC,CV,nonword,mismatch,bal,zic,filler02,None
block05,turjuma,CVC,CV,nonword,mismatch,bal,tur,filler03,None
block05,cuntefa,CVC,CV,nonword,mismatch,bal,cun,filler04,None
block05,cicaigo,CV,CV,nonword,match,bal,cic,filler05,None
block05,soreto,CV,CV,nonword,match,bal,sor,filler06,None
block05,dosbiente,CVC,CV,nonword,mismatch,bal,dos,filler07,None
block05,fontama,CVC,CV,nonword,mismatch,bal,fon,filler08,None
block05,decibio,CV,CV,nonword,match,bal,dec,filler09,None
block06,balbusa,CVC,CV,nonword,mismatch,bal,bal,critical,1
block06,soponso,CV,CV,nonword,match,bal,sop,filler01,None
block06,zictencia,CVC,CV,nonword,mismatch,bal,zic,filler02,None
block06,ruñansa,CV,CV,nonword,match,bal,ruñ,filler03,None
block06,cuntefa,CVC,CV,nonword,mismatch,bal,cun,filler04,None
block06,cicaigo,CV,CV,nonword,match,bal,cic,filler05,None
block06,soreto,CV,CV,nonword,match,bal,sor,filler06,None
block06,dosbiente,CVC,CV,nonword,mismatch,bal,dos,filler07,None
block06,fontama,CVC,CV,nonword,mismatch,bal,fon,filler08,None
block06,decibio,CV,CV,nonword,match,bal,dec,filler09,None
block07,balega,CV,CVC,nonword,mismatch,bal,bal,critical,1
block07,denciña,CVC,CVC,nonword,match,bal,den,filler01,None
block07,cecaja,CV,CVC,nonword,mismatch,bal,cec,filler02,None
block07,vestolcio,CVC,CVC,nonword,match,bal,ves,filler03,None
block07,cicora,CV,CVC,nonword,mismatch,bal,cic,filler04,None
block07,sinvera,CVC,CVC,nonword,match,bal,sin,filler05,None
block07,simedo,CV,CVC,nonword,mismatch,bal,sim,filler06,None
block07,donania,CV,CVC,nonword,mismatch,bal,don,filler07,None
block07,vinterca,CVC,CVC,nonword,match,bal,vin,filler08,None
block07,cencera,CVC,CVC,nonword,match,bal,cen,filler09,None
block08,balbusa,CVC,CVC,nonword,match,bal,bal,critical,1
block08,denciña,CVC,CVC,nonword,match,bal,den,filler01,None
block08,cecaja,CV,CVC,nonword,mismatch,bal,cec,filler02,None
block08,vestolcio,CVC,CVC,nonword,match,bal,ves,filler03,None
block08,cicora,CV,CVC,nonword,mismatch,bal,cic,filler04,None
block08,sinvera,CVC,CVC,nonword,match,bal,sin,filler05,None
block08,simedo,CV,CVC,nonword,mismatch,bal,sim,filler06,None
block08,donania,CV,CVC,nonword,mismatch,bal,don,filler07,None
block08,vobita,CV,CVC,nonword,mismatch,bal,vob,filler08,None
block08,cencera,CVC,CVC,nonword,match,bal,cen,filler09,None
block09,linaje,CV,CV,word,match,lin,lin,critical,1
block09,tartana,CVC,CV,word,mismatch,lin,tar,filler01,None
block09,portazo,CVC,CV,word,mismatch,lin,por,filler02,None
block09,vereda,CV,CV,word,match,lin,ver,filler03,None
block09,zarpazo,CVC,CV,word,mismatch,lin,zar,filler04,None
block09,jasmina,CVC,CV,word,mismatch,lin,jas,filler05,None
block09,captura,CVC,CV,word,mismatch,lin,cap,filler06,None
block09,recurso,CV,CV,word,match,lin,rec,filler07,None
block09,tocino,CV,CV,word,match,lin,toc,filler08,None
block09,dureza,CV,CV,word,match,lin,dur,filler09,None
block10,linterna,CVC,CV,word,mismatch,lin,lin,critical,1
block10,tartana,CVC,CV,word,mismatch,lin,tar,filler01,None
block10,portazo,CVC,CV,word,mismatch,lin,por,filler02,None
block10,vereda,CV,CV,word,match,lin,ver,filler03,None
block10,zarpazo,CVC,CV,word,mismatch,lin,zar,filler04,None
block10,jasmina,CVC,CV,word,mismatch,lin,jas,filler05,None
block10,regazo,CV,CV,word,match,lin,reg,filler06,None
block10,recurso,CV,CV,word,match,lin,rec,filler07,None
block10,tocino,CV,CV,word,match,lin,toc,filler08,None
block10,dureza,CV,CV,word,match,lin,dur,filler09,None
block11,linaje,CV,CVC,word,mismatch,lin,lin,critical,1
block11,portillo,CVC,CVC,word,match,lin,por,filler01,None
block11,sobaco,CV,CVC,word,mismatch,lin,sob,filler02,None
block11,respuesta,CVC,CVC,word,match,lin,res,filler03,None
block11,garbanzo,CVC,CVC,word,match,lin,gar,filler04,None
block11,corneta,CVC,CVC,word,match,lin,cor,filler05,None
block11,pozuelo,CV,CVC,word,mismatch,lin,poz,filler06,None
block11,barcaza,CVC,CVC,word,match,lin,bar,filler07,None
block11,sureste,CV,CVC,word,mismatch,lin,sur,filler08,None
block11,torija,CV,CVC,word,mismatch,lin,tor,filler09,None
block12,linterna,CVC,CVC,word,match,lin,lin,critical,1
block12,portillo,CVC,CVC,word,match,lin,por,filler01,None
block12,sobaco,CV,CVC,word,mismatch,lin,sob,filler02,None
block12,respuesta,CVC,CVC,word,match,lin,res,filler03,None
block12,garbanzo,CVC,CVC,word,match,lin,gar,filler04,None
block12,soborno,CV,CVC,word,mismatch,lin,sob,filler05,None
block12,pozuelo,CV,CVC,word,mismatch,lin,poz,filler06,None
block12,barcaza,CVC,CVC,word,match,lin,bar,filler07,None
block12,sureste,CV,CVC,word,mismatch,lin,sur,filler08,None
block12,torija,CV,CVC,word,mismatch,lin,tor,filler09,None
block13,linele,CV,CV,nonword,match,lin,lin,critical,1
block13,parvida,CVC,CV,nonword,mismatch,lin,par,filler01,None
block13,sociare,CV,CV,nonword,match,lin,soc,filler02,None
block13,decanro,CV,CV,nonword,match,lin,dec,filler03,None
block13,taviño,CV,CV,nonword,match,lin,tav,filler04,None
block13,pospana,CVC,CV,nonword,mismatch,lin,pos,filler05,None
block13,poscallo,CVC,CV,nonword,mismatch,lin,pos,filler06,None
block13,tornanga,CVC,CV,nonword,mismatch,lin,tor,filler07,None
block13,tusorto,CV,CV,nonword,match,lin,tus,filler08,None
block13,tercega,CVC,CV,nonword,mismatch,lin,ter,filler09,None
block14,linlirna,CVC,CV,nonword,mismatch,lin,lin,critical,1
block14,parvida,CVC,CV,nonword,mismatch,lin,par,filler01,None
block14,sociare,CV,CV,nonword,match,lin,soc,filler02,None
block14,decanro,CV,CV,nonword,match,lin,dec,filler03,None
block14,taviño,CV,CV,nonword,match,lin,tav,filler04,None
block14,pospana,CVC,CV,nonword,mismatch,lin,pos,filler05,None
block14,poscallo,CVC,CV,nonword,mismatch,lin,pos,filler06,None
block14,gerotio,CV,CV,nonword,match,lin,ger,filler07,None
block14,tusorto,CV,CV,nonword,match,lin,tus,filler08,None
block14,tercega,CVC,CV,nonword,mismatch,lin,ter,filler09,None
block15,linele,CV,CVC,nonword,mismatch,lin,lin,critical,1
block15,jagito,CV,CVC,nonword,mismatch,lin,jag,filler01,None
block15,parsida,CVC,CVC,nonword,match,lin,par,filler02,None
block15,ducoste,CV,CVC,nonword,mismatch,lin,duc,filler03,None
block15,cortupto,CVC,CVC,nonword,match,lin,cor,filler04,None
block15,tosaba,CV,CVC,nonword,mismatch,lin,tos,filler05,None
block15,suseña,CV,CVC,nonword,mismatch,lin,sus,filler06,None
block15,meptrona,CVC,CVC,nonword,match,lin,mep,filler07,None
block15,deroda,CV,CVC,nonword,mismatch,lin,der,filler08,None
block15,sutnido,CVC,CVC,nonword,match,lin,sut,filler09,None
block16,linlirna,CVC,CVC,nonword,match,lin,lin,critical,1
block16,jagito,CV,CVC,nonword,mismatch,lin,jag,filler01,None
block16,parsida,CVC,CVC,nonword,match,lin,par,filler02,None
block16,ducoste,CV,CVC,nonword,mismatch,lin,duc,filler03,None
block16,cortupto,CVC,CVC,nonword,match,lin,cor,filler04,None
block16,tosaba,CV,CVC,nonword,mismatch,lin,tos,filler05,None
block16,suseña,CV,CVC,nonword,mismatch,lin,sus,filler06,None
block16,meptrona,CVC,CVC,nonword,match,lin,mep,filler07,None
block16,deroda,CV,CVC,nonword,mismatch,lin,der,filler08,None
block16,sutnido,CVC,CVC,nonword,match,lin,sut,filler09,None
block17,peseta,CV,CV,word,match,pes,pes,critical,1
block17,langosta,CVC,CV,word,mismatch,pes,lan,filler01,None
block17,jilguero,CVC,CV,word,mismatch,pes,jil,filler02,None
block17,gordura,CVC,CV,word,mismatch,pes,gor,filler03,None
block17,doncella,CVC,CV,word,mismatch,pes,don,filler04,None
block17,fantoche,CVC,CV,word,mismatch,pes,fan,filler05,None
block17,laguna,CV,CV,word,match,pes,lag,filler06,None
block17,jacinto,CV,CV,word,match,pes,jac,filler07,None
block17,duquesa,CV,CV,word,match,pes,duq,filler08,None
block17,dominio,CV,CV,word,match,pes,dom,filler09,None
block18,pestaña,CVC,CV,word,mismatch,pes,pes,critical,1
block18,langosta,CVC,CV,word,mismatch,pes,lan,filler01,None
block18,jilguero,CVC,CV,word,mismatch,pes,jil,filler02,None
block18,gordura,CVC,CV,word,mismatch,pes,gor,filler03,None
block18,cigarro,CV,CV,word,match,pes,cig,filler04,None
block18,fantoche,CVC,CV,word,mismatch,pes,fan,filler05,None
block18,laguna,CV,CV,word,match,pes,lag,filler06,None
block18,jacinto,CV,CV,word,match,pes,jac,filler07,None
block18,duquesa,CV,CV,word,match,pes,duq,filler08,None
block18,dominio,CV,CV,word,match,pes,dom,filler09,None
block19,peseta,CV,CVC,word,mismatch,pes,pes,critical,1
block19,tardanza,CVC,CVC,word,match,pes,tar,filler01,None
block19,tornillo,CVC,CVC,word,match,pes,tor,filler02,None
block19,ruptura,CVC,CVC,word,match,pes,rup,filler03,None
block19,durmiente,CVC,CVC,word,match,pes,dur,filler04,None
block19,burbuja,CVC,CVC,word,match,pes,bur,filler05,None
block19,viruela,CV,CVC,word,mismatch,pes,vir,filler06,None
block19,lavabo,CV,CVC,word,mismatch,pes,lav,filler07,None
block19,butaca,CV,CVC,word,mismatch,pes,but,filler08,None
block19,ribera,CV,CVC,word,mismatch,pes,rib,filler09,None
block20,pestaña,CVC,CVC,word,match,pes,pes,critical,1
block20,talante,CV,CVC,word,mismatch,pes,tal,filler01,None
block20,tornillo,CVC,CVC,word,match,pes,tor,filler02,None
block20,ruptura,CVC,CVC,word,match,pes,rup,filler03,None
block20,durmiente,CVC,CVC,word,match,pes,dur,filler04,None
block20,burbuja,CVC,CVC,word,match,pes,bur,filler05,None
block20,viruela,CV,CVC,word,mismatch,pes,vir,filler06,None
block20,lavabo,CV,CVC,word,mismatch,pes,lav,filler07,None
block20,butaca,CV,CVC,word,mismatch,pes,but,filler08,None
block20,ribera,CV,CVC,word,mismatch,pes,rib,filler09,None
block21,pesipa,CV,CV,nonword,match,pes,pes,critical,1
block21,docado,CV,CV,nonword,match,pes,doc,filler01,None
block21,normaso,CVC,CV,nonword,mismatch,pes,nor,filler02,None
block21,borpanza,CVC,CV,nonword,mismatch,pes,bor,filler03,None
block21,daviba,CV,CV,nonword,match,pes,dav,filler04,None
block21,cabsero,CVC,CV,nonword,mismatch,pes,cab,filler05,None
block21,tutmuja,CVC,CV,nonword,mismatch,pes,tut,filler06,None
block21,talaja,CV,CV,nonword,match,pes,tal,filler07,None
block21,gorente,CV,CV,nonword,match,pes,gor,filler08,None
block21,lultame,CVC,CV,nonword,mismatch,pes,lul,filler09,None
block22,pesdeña,CVC,CV,nonword,mismatch,pes,pes,critical,1
block22,docado,CV,CV,nonword,match,pes,doc,filler01,None
block22,normaso,CVC,CV,nonword,mismatch,pes,nor,filler02,None
block22,bicera,CV,CV,nonword,match,pes,bic,filler03,None
block22,daviba,CV,CV,nonword,match,pes,dav,filler04,None
block22,cabsero,CVC,CV,nonword,mismatch,pes,cab,filler05,None
block22,tutmuja,CVC,CV,nonword,mismatch,pes,tut,filler06,None
block22,talaja,CV,CV,nonword,match,pes,tal,filler07,None
block22,gorente,CV,CV,nonword,match,pes,gor,filler08,None
block22,lultame,CVC,CV,nonword,mismatch,pes,lul,filler09,None
block23,pesipa,CV,CVC,nonword,mismatch,pes,pes,critical,1
block23,tomida,CV,CVC,nonword,mismatch,pes,tom,filler01,None
block23,farime,CV,CVC,nonword,mismatch,pes,far,filler02,None
block23,civillo,CV,CVC,nonword,mismatch,pes,civ,filler03,None
block23,cunceza,CVC,CVC,nonword,match,pes,cun,filler04,None
block23,runrullo,CVC,CVC,nonword,match,pes,run,filler05,None
block23,mingrago,CVC,CVC,nonword,match,pes,min,filler06,None
block23,rizgura,CVC,CVC,nonword,match,pes,riz,filler07,None
block23,duliste,CV,CVC,nonword,mismatch,pes,dul,filler08,None
block23,cubteha,CVC,CVC,nonword,match,pes,cub,filler09,None
block24,pesdeña,CVC,CVC,nonword,match,pes,pes,critical,1
block24,tomida,CV,CVC,nonword,mismatch,pes,tom,filler01,None
block24,farime,CV,CVC,nonword,mismatch,pes,far,filler02,None
block24,civillo,CV,CVC,nonword,mismatch,pes,civ,filler03,None
block24,cunceza,CVC,CVC,nonword,match,pes,cun,filler04,None
block24,tecido,CV,CVC,nonword,mismatch,pes,tec,filler05,None
block24,mingrago,CVC,CVC,nonword,match,pes,min,filler06,None
block24,rizgura,CVC,CVC,nonword,match,pes,riz,filler07,None
block24,duliste,CV,CVC,nonword,mismatch,pes,dul,filler08,None
block24,cubteha,CVC,CVC,nonword,match,pes,cub,filler09,None
block25,rosario,CV,CV,word,match,ros,ros,critical,1
block25,pantalla,CVC,CV,word,mismatch,ros,pan,filler01,None
block25,lenguaje,CVC,CV,word,mismatch,ros,len,filler02,None
block25,cambiazo,CVC,CV,word,mismatch,ros,cam,filler03,None
block25,campiña,CVC,CV,word,mismatch,ros,cam,filler04,None
block25,putada,CV,CV,word,match,ros,put,filler05,None
block25,pileta,CV,CV,word,match,ros,pil,filler06,None
block25,legajo,CV,CV,word,match,ros,leg,filler07,None
block25,veleta,CV,CV,word,match,ros,vel,filler08,None
block25,balbina,CVC,CV,word,mismatch,ros,bal,filler09,None
block26,rosquilla,CVC,CV,word,mismatch,ros,ros,critical,1
block26,pantalla,CVC,CV,word,mismatch,ros,pan,filler01,None
block26,lenguaje,CVC,CV,word,mismatch,ros,len,filler02,None
block26,cambiazo,CVC,CV,word,mismatch,ros,cam,filler03,None
block26,campiña,CVC,CV,word,mismatch,ros,cam,filler04,None
block26,putada,CV,CV,word,match,ros,put,filler05,None
block26,pileta,CV,CV,word,match,ros,pil,filler06,None
block26,legajo,CV,CV,word,match,ros,leg,filler07,None
block26,veleta,CV,CV,word,match,ros,vel,filler08,None
block26,pitillo,CV,CV,word,match,ros,pit,filler09,None
block27,rosario,CV,CVC,word,mismatch,ros,ros,critical,1
block27,bengala,CVC,CVC,word,match,ros,ben,filler01,None
block27,lanzazo,CVC,CVC,word,match,ros,lan,filler02,None
block27,ventisca,CVC,CVC,word,match,ros,ven,filler03,None
block27,vigencia,CV,CVC,word,mismatch,ros,vig,filler04,None
block27,pulsera,CVC,CVC,word,match,ros,pul,filler05,None
block27,bacteria,CVC,CVC,word,match,ros,bac,filler06,None
block27,bufido,CV,CVC,word,mismatch,ros,buf,filler07,None
block27,cigoto,CV,CVC,word,mismatch,ros,cig,filler08,None
block27,vinilo,CV,CVC,word,mismatch,ros,vin,filler09,None
block28,rosquilla,CVC,CVC,word,match,ros,ros,critical,1
block28,bengala,CVC,CVC,word,match,ros,ben,filler01,None
block28,lanzazo,CVC,CVC,word,match,ros,lan,filler02,None
block28,pimiento,CV,CVC,word,mismatch,ros,pim,filler03,None
block28,vigencia,CV,CVC,word,mismatch,ros,vig,filler04,None
block28,pulsera,CVC,CVC,word,match,ros,pul,filler05,None
block28,bacteria,CVC,CVC,word,match,ros,bac,filler06,None
block28,bufido,CV,CVC,word,mismatch,ros,buf,filler07,None
block28,cigoto,CV,CVC,word,mismatch,ros,cig,filler08,None
block28,vinilo,CV,CVC,word,mismatch,ros,vin,filler09,None
block29,rosepio,CV,CV,nonword,match,ros,ros,critical,1
block29,tidioma,CV,CV,nonword,match,ros,tid,filler01,None
block29,cinsecho,CVC,CV,nonword,mismatch,ros,cin,filler02,None
block29,bimena,CV,CV,nonword,match,ros,bim,filler03,None
block29,lectorio,CVC,CV,nonword,mismatch,ros,lec,filler04,None
block29,denfiña,CVC,CV,nonword,mismatch,ros,den,filler05,None
block29,fimallo,CV,CV,nonword,match,ros,fim,filler06,None
block29,canreza,CVC,CV,nonword,mismatch,ros,can,filler07,None
block29,talfrado,CVC,CV,nonword,mismatch,ros,tal,filler08,None
block29,demonto,CV,CV,nonword,match,ros,dem,filler09,None
block30,rosvailla,CVC,CV,nonword,mismatch,ros,ros,critical,1
block30,tidioma,CV,CV,nonword,match,ros,tid,filler01,None
block30,cinsecho,CVC,CV,nonword,mismatch,ros,cin,filler02,None
block30,bimena,CV,CV,nonword,match,ros,bim,filler03,None
block30,lectorio,CVC,CV,nonword,mismatch,ros,lec,filler04,None
block30,denfiña,CVC,CV,nonword,mismatch,ros,den,filler05,None
block30,fimallo,CV,CV,nonword,match,ros,fim,filler06,None
block30,canreza,CVC,CV,nonword,mismatch,ros,can,filler07,None
block30,naduta,CV,CV,nonword,match,ros,nad,filler08,None
block30,demonto,CV,CV,nonword,match,ros,dem,filler09,None
block31,rosepio,CV,CVC,nonword,mismatch,ros,ros,critical,1
block31,divona,CV,CVC,nonword,mismatch,ros,div,filler01,None
block31,mipcura,CVC,CVC,nonword,match,ros,mip,filler02,None
block31,fivalia,CV,CVC,nonword,mismatch,ros,fiv,filler03,None
block31,baldeblo,CVC,CVC,nonword,match,ros,bal,filler04,None
block31,venetlo,CV,CVC,nonword,mismatch,ros,ven,filler05,None
block31,funclera,CVC,CVC,nonword,match,ros,fun,filler06,None
block31,mifena,CV,CVC,nonword,mismatch,ros,mif,filler07,None
block31,ventoble,CVC,CVC,nonword,match,ros,ven,filler08,None
block31,tenvila,CVC,CVC,nonword,match,ros,ten,filler09,None
block32,rosvailla,CVC,CVC,nonword,match,ros,ros,critical,1
block32,divona,CV,CVC,nonword,mismatch,ros,div,filler01,None
block32,mipcura,CVC,CVC,nonword,match,ros,mip,filler02,None
block32,fivalia,CV,CVC,nonword,mismatch,ros,fiv,filler03,None
block32,baldeblo,CVC,CVC,nonword,match,ros,bal,filler04,None
block32,venetlo,CV,CVC,nonword,mismatch,ros,ven,filler05,None
block32,bitiala,CV,CVC,nonword,mismatch,ros,bit,filler06,None
block32,mifena,CV,CVC,nonword,mismatch,ros,mif,filler07,None
block32,ventoble,CVC,CVC,nonword,match,ros,ven,filler08,None
block32,tenvila,CVC,CVC,nonword,match,ros,ten,filler09,None
block33,camisa,CV,CV,word,match,cam,cam,critical,1
block33,porfía,CVC,CV,word,mismatch,cam,por,filler01,None
block33,rendija,CVC,CV,word,mismatch,cam,ren,filler02,None
block33,soborno,CV,CV,word,match,cam,sob,filler03,None
block33,fondillo,CVC,CV,word,mismatch,cam,fon,filler04,None
block33,felpudo,CVC,CV,word,mismatch,cam,fel,filler05,None
block33,suspenso,CVC,CV,word,mismatch,cam,sus,filler06,None
block33,topacio,CV,CV,word,match,cam,top,filler07,None
block33,ribazo,CV,CV,word,match,cam,rib,filler08,None
block33,pitillo,CV,CV,word,match,cam,pit,filler09,None
block34,camisa,CV,CVC,word,mismatch,cam,cam,critical,1
block34,ponencia,CV,CVC,word,mismatch,cam,pon,filler01,None
block34,sordera,CVC,CVC,word,match,cam,sor,filler02,None
block34,doncella,CVC,CVC,word,match,cam,don,filler03,None
block34,nevera,CV,CVC,word,mismatch,cam,nev,filler04,None
block34,ventisca,CVC,CVC,word,match,cam,ven,filler05,None
block34,pintura,CVC,CVC,word,match,cam,pin,filler06,None
block34,perfidia,CVC,CVC,word,match,cam,per,filler07,None
block34,tijera,CV,CVC,word,mismatch,cam,tij,filler08,None
block34,fogata,CV,CVC,word,mismatch,cam,fog,filler09,None
block35,campana,CVC,CV,word,mismatch,cam,cam,critical,1
block35,porfía,CVC,CV,word,mismatch,cam,por,filler01,None
block35,ternera,CVC,CV,word,mismatch,cam,ter,filler02,None
block35,poniente,CV,CV,word,match,cam,pon,filler03,None
block35,ponencia,CV,CV,word,match,cam,pon,filler04,None
block35,felpudo,CVC,CV,word,mismatch,cam,fel,filler05,None
block35,suspenso,CVC,CV,word,mismatch,cam,sus,filler06,None
block35,topacio,CV,CV,word,match,cam,top,filler07,None
block35,ribazo,CV,CV,word,match,cam,rib,filler08,None
block35,noviazgo,CV,CV,word,match,cam,nov,filler09,None
block36,campana,CVC,CVC,word,match,cam,cam,critical,1
block36,fondillo,CVC,CVC,word,match,cam,fon,filler01,None
block36,sordera,CVC,CVC,word,match,cam,sor,filler02,None
block36,percance,CVC,CVC,word,match,cam,per,filler03,None
block36,rivera,CV,CVC,word,mismatch,cam,riv,filler04,None
block36,pinchazo,CVC,CVC,word,match,cam,pin,filler05,None
block36,renombre,CV,CVC,word,mismatch,cam,ren,filler06,None
block36,regazo,CV,CVC,word,mismatch,cam,reg,filler07,None
block36,regato,CV,CVC,word,mismatch,cam,reg,filler08,None
block36,pureza,CV,CVC,word,mismatch,cam,pur,filler09,None
block37,camofa,CV,CV,nonword,match,cam,cam,critical,1
block37,depite,CV,CV,nonword,match,cam,dep,filler01,None
block37,neteno,CV,CV,nonword,match,cam,net,filler02,None
block37,nenedo,CV,CV,nonword,match,cam,nen,filler03,None
block37,dedioro,CV,CV,nonword,match,cam,ded,filler04,None
block37,sobvondo,CVC,CV,nonword,mismatch,cam,sob,filler05,None
block37,tunruja,CVC,CV,nonword,mismatch,cam,tun,filler06,None
block37,sunsanso,CVC,CV,nonword,mismatch,cam,sun,filler07,None
block37,sutmido,CVC,CV,nonword,mismatch,cam,sut,filler08,None
block37,fuztancia,CVC,CV,nonword,mismatch,cam,fuz,filler09,None
block38,camofa,CV,CVC,nonword,mismatch,cam,cam,critical,1
block38,devillo,CV,CVC,nonword,mismatch,cam,dev,filler01,None
block38,nencida,CVC,CVC,nonword,match,cam,nen,filler02,None
block38,pirijuo,CV,CVC,nonword,mismatch,cam,pir,filler03,None
block38,bercillo,CVC,CVC,nonword,match,cam,ber,filler04,None
block38,penvalla,CVC,CVC,nonword,match,cam,pen,filler05,None
block38,voltura,CVC,CVC,nonword,match,cam,vol,filler06,None
block38,foscillo,CVC,CVC,nonword,match,cam,fos,filler07,None
block38,febago,CV,CVC,nonword,mismatch,cam,feb,filler08,None
block38,lercuente,CVC,CVC,nonword,match,cam,ler,filler09,None
block39,cambena,CVC,CV,nonword,mismatch,cam,cam,critical,1
block39,depite,CV,CV,nonword,match,cam,dep,filler01,None
block39,neteno,CV,CV,nonword,match,cam,net,filler02,None
block39,nenedo,CV,CV,nonword,match,cam,nen,filler03,None
block39,dedioro,CV,CV,nonword,match,cam,ded,filler04,None
block39,sobvondo,CVC,CV,nonword,mismatch,cam,sob,filler05,None
block39,tunruja,CVC,CV,nonword,mismatch,cam,tun,filler06,None
block39,sunsanso,CVC,CV,nonword,mismatch,cam,sun,filler07,None
block39,sutmido,CVC,CV,nonword,mismatch,cam,sut,filler08,None
block39,tituila,CV,CV,nonword,match,cam,tit,filler09,None
block40,cambena,CVC,CVC,nonword,match,cam,cam,critical,1
block40,devillo,CV,CVC,nonword,mismatch,cam,dev,filler01,None
block40,nencida,CVC,CVC,nonword,match,cam,nen,filler02,None
block40,pirijuo,CV,CVC,nonword,mismatch,cam,pir,filler03,None
block40,bercillo,CVC,CVC,nonword,match,cam,ber,filler04,None
block40,penvalla,CVC,CVC,nonword,match,cam,pen,filler05,None
block40,voltura,CVC,CVC,nonword,match,cam,vol,filler06,None
block40,dilisia,CV,CVC,nonword,mismatch,cam,dil,filler07,None
block40,febago,CV,CVC,nonword,mismatch,cam,feb,filler08,None
block40,lercuente,CVC,CVC,nonword,match,cam,ler,filler09,None
block41,culebra,CV,CV,word,match,cul,cul,critical,1
block41,pintura,CVC,CV,word,mismatch,cul,pin,filler01,None
block41,sarmiento,CVC,CV,word,mismatch,cul,sar,filler02,None
block41,verdura,CVC,CV,word,mismatch,cul,ver,filler03,None
block41,tobillo,CV,CV,word,match,cul,tob,filler04,None
block41,vertiente,CVC,CV,word,mismatch,cul,ver,filler05,None
block41,tarjeta,CVC,CV,word,mismatch,cul,tar,filler06,None
block41,fijeza,CV,CV,word,match,cul,fij,filler07,None
block41,tesoro,CV,CV,word,match,cul,tes,filler08,None
block41,teniente,CV,CV,word,match,cul,ten,filler09,None
block42,culebra,CV,CVC,word,mismatch,cul,cul,critical,1
block42,zarzuela,CVC,CVC,word,match,cul,zar,filler01,None
block42,perchero,CVC,CVC,word,match,cul,per,filler02,None
block42,perfidia,CVC,CVC,word,match,cul,per,filler03,None
block42,persiana,CVC,CVC,word,match,cul,per,filler04,None
block42,barbilla,CVC,CVC,word,match,cul,bar,filler05,None
block42,viraje,CV,CVC,word,mismatch,cul,vir,filler06,None
block42,redada,CV,CVC,word,mismatch,cul,red,filler07,None
block42,naranjo,CV,CVC,word,mismatch,cul,nar,filler08,None
block42,navaja,CV,CVC,word,mismatch,cul,nav,filler09,None
block43,culpable,CVC,CV,word,mismatch,cul,cul,critical,1
block43,pimiento,CV,CV,word,match,cul,pim,filler01,None
block43,sarmiento,CVC,CV,word,mismatch,cul,sar,filler02,None
block43,verdura,CVC,CV,word,mismatch,cul,ver,filler03,None
block43,tobillo,CV,CV,word,match,cul,tob,filler04,None
block43,vertiente,CVC,CV,word,mismatch,cul,ver,filler05,None
block43,tarjeta,CVC,CV,word,mismatch,cul,tar,filler06,None
block43,fijeza,CV,CV,word,match,cul,fij,filler07,None
block43,tesoro,CV,CV,word,match,cul,tes,filler08,None
block43,teniente,CV,CV,word,match,cul,ten,filler09,None
block44,culpable,CVC,CVC,word,match,cul,cul,critical,1
block44,zarzuela,CVC,CVC,word,match,cul,zar,filler01,None
block44,perchero,CVC,CVC,word,match,cul,per,filler02,None
block44,nevera,CV,CVC,word,mismatch,cul,nev,filler03,None
block44,persiana,CVC,CVC,word,match,cul,per,filler04,None
block44,barbilla,CVC,CVC,word,match,cul,bar,filler05,None
block44,viraje,CV,CVC,word,mismatch,cul,vir,filler06,None
block44,redada,CV,CVC,word,mismatch,cul,red,filler07,None
block44,naranjo,CV,CVC,word,mismatch,cul,nar,filler08,None
block44,navaja,CV,CVC,word,mismatch,cul,nav,filler09,None
block45,culitra,CV,CV,nonword,match,cul,cul,critical,1
block45,nesedo,CV,CV,nonword,match,cul,nes,filler01,None
block45,dosgiente,CVC,CV,nonword,mismatch,cul,dos,filler02,None
block45,varime,CV,CV,nonword,match,cul,var,filler03,None
block45,fantarna,CVC,CV,nonword,mismatch,cul,fan,filler04,None
block45,norita,CV,CV,nonword,match,cul,nor,filler05,None
block45,permaza,CVC,CV,nonword,mismatch,cul,per,filler06,None
block45,dipona,CV,CV,nonword,match,cul,dip,filler07,None
block45,fangurdo,CVC,CV,nonword,mismatch,cul,fan,filler08,None
block45,manvera,CVC,CV,nonword,mismatch,cul,man,filler09,None
block46,culseble,CVC,CVC,nonword,match,cul,cul,critical,1
block46,nesedo,CV,CVC,nonword,mismatch,cul,nes,filler01,None
block46,deñalla,CV,CVC,nonword,mismatch,cul,deñ,filler02,None
block46,varime,CV,CVC,nonword,mismatch,cul,var,filler03,None
block46,fantarna,CVC,CVC,nonword,match,cul,fan,filler04,None
block46,norita,CV,CVC,nonword,mismatch,cul,nor,filler05,None
block46,permaza,CVC,CVC,nonword,match,cul,per,filler06,None
block46,dipona,CV,CVC,nonword,mismatch,cul,dip,filler07,None
block46,fangurdo,CVC,CVC,nonword,match,cul,fan,filler08,None
block46,manvera,CVC,CVC,nonword,match,cul,man,filler09,None
block47,culitra,CV,CV,nonword,match,cul,cul,critical,1
block47,deñalla,CV,CV,nonword,match,cul,deñ,filler01,None
block47,tidencio,CV,CV,nonword,match,cul,tid,filler02,None
block47,banfalla,CVC,CV,nonword,mismatch,cul,ban,filler03,None
block47,sitena,CV,CV,nonword,match,cul,sit,filler04,None
block47,senrera,CVC,CV,nonword,mismatch,cul,sen,filler05,None
block47,bitena,CV,CV,nonword,match,cul,bit,filler06,None
block47,torsenza,CVC,CV,nonword,mismatch,cul,tor,filler07,None
block47,tarbenga,CVC,CV,nonword,mismatch,cul,tar,filler08,None
block47,nastallo,CVC,CV,nonword,mismatch,cul,nas,filler09,None
block48,culseble,CVC,CVC,nonword,match,cul,cul,critical,1
block48,dosgiente,CVC,CVC,nonword,match,cul,dos,filler01,None
block48,tidencio,CV,CVC,nonword,mismatch,cul,tid,filler02,None
block48,banfalla,CVC,CVC,nonword,match,cul,ban,filler03,None
block48,sitena,CV,CVC,nonword,mismatch,cul,sit,filler04,None
block48,senrera,CVC,CVC,nonword,match,cul,sen,filler05,None
block48,bitena,CV,CVC,nonword,mismatch,cul,bit,filler06,None
block48,torsenza,CVC,CVC,nonword,match,cul,tor,filler07,None
block48,midena,CV,CVC,nonword,mismatch,cul,mid,filler08,None
block48,gifema,CV,CVC,nonword,mismatch,cul,gif,filler09,None
block49,moneda,CV,CV,word,match,mon,mon,critical,1
block49,submundo,CVC,CV,word,mismatch,mon,sub,filler01,None
block49,laxante,CV,CV,word,match,mon,lax,filler02,None
block49,vislumbre,CVC,CV,word,mismatch,mon,vis,filler03,None
block49,salchicha,CVC,CV,word,mismatch,mon,sal,filler04,None
block49,lectura,CVC,CV,word,mismatch,mon,lec,filler05,None
block49,cigarro,CV,CV,word,match,mon,cig,filler06,None
block49,resabio,CV,CV,word,match,mon,res,filler07,None
block49,rapiña,CV,CV,word,match,mon,rap,filler08,None
block49,barbecho,CVC,CV,word,mismatch,mon,bar,filler09,None
block50,moneda,CV,CVC,word,mismatch,mon,mon,critical,1
block50,tesina,CV,CVC,word,mismatch,mon,tes,filler01,None
block50,bufete,CV,CVC,word,mismatch,mon,buf,filler02,None
block50,deltoides,CVC,CVC,word,match,mon,del,filler03,None
block50,talante,CV,CVC,word,mismatch,mon,tal,filler04,None
block50,rabillo,CV,CVC,word,mismatch,mon,rab,filler05,None
block50,farsante,CVC,CVC,word,match,mon,far,filler06,None
block50,cordura,CVC,CVC,word,match,mon,cor,filler07,None
block50,captura,CVC,CVC,word,match,mon,cap,filler08,None
block50,tardanza,CVC,CVC,word,match,mon,tar,filler09,None
block51,montaña,CVC,CV,word,mismatch,mon,mon,critical,1
block51,submundo,CVC,CV,word,mismatch,mon,sub,filler01,None
block51,laxante,CV,CV,word,match,mon,lax,filler02,None
block51,vislumbre,CVC,CV,word,mismatch,mon,vis,filler03,None
block51,salchicha,CVC,CV,word,mismatch,mon,sal,filler04,None
block51,lectura,CVC,CV,word,mismatch,mon,lec,filler05,None
block51,tufillo,CV,CV,word,match,mon,tuf,filler06,None
block51,resabio,CV,CV,word,match,mon,res,filler07,None
block51,rapiña,CV,CV,word,match,mon,rap,filler08,None
block51,tesina,CV,CV,word,match,mon,tes,filler09,None
block52,montaña,CVC,CVC,word,match,mon,mon,critical,1
block52,barbecho,CVC,CVC,word,match,mon,bar,filler01,None
block52,bufete,CV,CVC,word,mismatch,mon,buf,filler02,None
block52,deltoides,CVC,CVC,word,match,mon,del,filler03,None
block52,batuta,CV,CVC,word,mismatch,mon,bat,filler04,None
block52,rabillo,CV,CVC,word,mismatch,mon,rab,filler05,None
block52,vaquilla,CV,CVC,word,mismatch,mon,vaq,filler06,None
block52,piropo,CV,CVC,word,mismatch,mon,pir,filler07,None
block52,gorjeo,CVC,CVC,word,match,mon,gor,filler08,None
block52,balbina,CVC,CVC,word,match,mon,bal,filler09,None
block53,moniga,CV,CV,nonword,match,mon,mon,critical,1
block53,hicuila,CV,CV,nonword,match,mon,hic,filler01,None
block53,lisnombre,CVC,CV,nonword,mismatch,mon,lis,filler02,None
block53,tecillo,CV,CV,nonword,match,mon,tec,filler03,None
block53,pargaza,CVC,CV,nonword,mismatch,mon,par,filler04,None
block53,tipallo,CV,CV,nonword,match,mon,tip,filler05,None
block53,fernuera,CVC,CV,nonword,mismatch,mon,fer,filler06,None
block53,rucilla,CV,CV,nonword,match,mon,ruc,filler07,None
block53,viltancia,CVC,CV,nonword,mismatch,mon,vil,filler08,None
block53,zuccancia,CVC,CV,nonword,mismatch,mon,zuc,filler09,None
block54,moniga,CV,CVC,nonword,mismatch,mon,mon,critical,1
block54,parvaza,CVC,CVC,nonword,match,mon,par,filler01,None
block54,bascana,CVC,CVC,nonword,match,mon,bas,filler02,None
block54,ternura,CVC,CVC,nonword,match,mon,ter,filler03,None
block54,tarsallo,CVC,CVC,nonword,match,mon,tar,filler04,None
block54,serpiente,CVC,CVC,nonword,match,mon,ser,filler05,None
block54,reducto,CV,CVC,nonword,mismatch,mon,red,filler06,None
block54,tarima,CV,CVC,nonword,mismatch,mon,tar,filler07,None
block54,recado,CV,CVC,nonword,mismatch,mon,rec,filler08,None
block54,sepulcro,CV,CVC,nonword,mismatch,mon,sep,filler09,None
block55,monseña,CVC,CV,nonword,mismatch,mon,mon,critical,1
block55,hicuila,CV,CV,nonword,match,mon,hic,filler01,None
block55,lisnombre,CVC,CV,nonword,mismatch,mon,lis,filler02,None
block55,tecillo,CV,CV,nonword,match,mon,tec,filler03,None
block55,pargaza,CVC,CV,nonword,mismatch,mon,par,filler04,None
block55,tipallo,CV,CV,nonword,match,mon,tip,filler05,None
block55,fernuera,CVC,CV,nonword,mismatch,mon,fer,filler06,None
block55,rucilla,CV,CV,nonword,match,mon,ruc,filler07,None
block55,viltancia,CVC,CV,nonword,mismatch,mon,vil,filler08,None
block55,sabiba,CV,CV,nonword,match,mon,sab,filler09,None
block56,monseña,CVC,CVC,nonword,match,mon,mon,critical,1
block56,parvaza,CVC,CVC,nonword,match,mon,par,filler01,None
block56,recinto,CV,CVC,nonword,mismatch,mon,rec,filler02,None
block56,ternura,CVC,CVC,nonword,match,mon,ter,filler03,None
block56,tarsallo,CVC,CVC,nonword,match,mon,tar,filler04,None
block56,serpiente,CVC,CVC,nonword,match,mon,ser,filler05,None
block56,reducto,CV,CVC,nonword,mismatch,mon,red,filler06,None
block56,tarima,CV,CVC,nonword,mismatch,mon,tar,filler07,None
block56,recado,CV,CVC,nonword,mismatch,mon,rec,filler08,None
block56,sepulcro,CV,CVC,nonword,mismatch,mon,sep,filler09,None
block57,paloma,CV,CV,word,match,pal,pal,critical,1
block57,gorguera,CVC,CV,word,mismatch,pal,gor,filler01,None
block57,gorjeo,CVC,CV,word,mismatch,pal,gor,filler02,None
block57,conducta,CVC,CV,word,mismatch,pal,con,filler03,None
block57,vivero,CV,CV,word,match,pal,viv,filler04,None
block57,fortuna,CVC,CV,word,mismatch,pal,for,filler05,None
block57,cornada,CVC,CV,word,mismatch,pal,cor,filler06,None
block57,regata,CV,CV,word,match,pal,reg,filler07,None
block57,cigarra,CV,CV,word,match,pal,cig,filler08,None
block57,giralda,CV,CV,word,match,pal,gir,filler09,None
block58,paloma,CV,CVC,word,mismatch,pal,pal,critical,1
block58,certeza,CVC,CVC,word,match,pal,cer,filler01,None
block58,cordero,CVC,CVC,word,match,pal,cor,filler02,None
block58,cordura,CVC,CVC,word,match,pal,cor,filler03,None
block58,mordaza,CVC,CVC,word,match,pal,mor,filler04,None
block58,mordisco,CVC,CVC,word,match,pal,mor,filler05,None
block58,reguero,CV,CVC,word,mismatch,pal,reg,filler06,None
block58,rudeza,CV,CVC,word,mismatch,pal,rud,filler07,None
block58,gomina,CV,CVC,word,mismatch,pal,gom,filler08,None
block58,ciruelo,CV,CVC,word,mismatch,pal,cir,filler09,None
block59,palmera,CVC,CV,word,mismatch,pal,pal,critical,1
block59,gorguera,CVC,CV,word,mismatch,pal,gor,filler01,None
block59,tijera,CV,CV,word,match,pal,tij,filler02,None
block59,conducta,CVC,CV,word,mismatch,pal,con,filler03,None
block59,vivero,CV,CV,word,match,pal,viv,filler04,None
block59,fortuna,CVC,CV,word,mismatch,pal,for,filler05,None
block59,cornada,CVC,CV,word,mismatch,pal,cor,filler06,None
block59,regata,CV,CV,word,match,pal,reg,filler07,None
block59,cigarra,CV,CV,word,match,pal,cig,filler08,None
block59,giralda,CV,CV,word,match,pal,gir,filler09,None
block60,palmera,CVC,CVC,word,match,pal,pal,critical,1
block60,certeza,CVC,CVC,word,match,pal,cer,filler01,None
block60,cordero,CVC,CVC,word,match,pal,cor,filler02,None
block60,fogata,CV,CVC,word,mismatch,pal,fog,filler03,None
block60,mordaza,CVC,CVC,word,match,pal,mor,filler04,None
block60,mordisco,CVC,CVC,word,match,pal,mor,filler05,None
block60,reguero,CV,CVC,word,mismatch,pal,reg,filler06,None
block60,rudeza,CV,CVC,word,mismatch,pal,rud,filler07,None
block60,gomina,CV,CVC,word,mismatch,pal,gom,filler08,None
block60,ciruelo,CV,CVC,word,mismatch,pal,cir,filler09,None
block61,palura,CV,CV,nonword,match,pal,pal,critical,1
block61,ricofo,CV,CV,nonword,match,pal,ric,filler01,None
block61,rartanto,CVC,CV,nonword,mismatch,pal,rar,filler02,None
block61,vifema,CV,CV,nonword,match,pal,vif,filler03,None
block61,nundero,CVC,CV,nonword,mismatch,pal,nun,filler04,None
block61,recoltre,CV,CV,nonword,match,pal,rec,filler05,None
block61,tecterio,CVC,CV,nonword,mismatch,pal,tec,filler06,None
block61,canfleco,CVC,CV,nonword,mismatch,pal,can,filler07,None
block61,nidero,CV,CV,nonword,match,pal,nid,filler08,None
block61,vinsenza,CVC,CV,nonword,mismatch,pal,vin,filler09,None
block62,palbira,CVC,CVC,nonword,match,pal,pal,critical,1
block62,ricofo,CV,CVC,nonword,mismatch,pal,ric,filler01,None
block62,rartanto,CVC,CVC,nonword,match,pal,rar,filler02,None
block62,vifema,CV,CVC,nonword,mismatch,pal,vif,filler03,None
block62,nundero,CVC,CVC,nonword,match,pal,nun,filler04,None
block62,recoltre,CV,CVC,nonword,mismatch,pal,rec,filler05,None
block62,tecterio,CVC,CVC,nonword,match,pal,tec,filler06,None
block62,canfleco,CVC,CVC,nonword,match,pal,can,filler07,None
block62,nidero,CV,CVC,nonword,mismatch,pal,nid,filler08,None
block62,bitero,CV,CVC,nonword,mismatch,pal,bit,filler09,None
block63,palbira,CVC,CV,nonword,mismatch,pal,pal,critical,1
block63,vinsenza,CVC,CV,nonword,mismatch,pal,vin,filler01,None
block63,tudala,CV,CV,nonword,match,pal,tud,filler02,None
block63,fivancia,CV,CV,nonword,match,pal,fiv,filler03,None
block63,turquma,CVC,CV,nonword,mismatch,pal,tur,filler04,None
block63,ruspina,CVC,CV,nonword,mismatch,pal,rus,filler05,None
block63,detnana,CVC,CV,nonword,mismatch,pal,det,filler06,None
block63,tifencio,CV,CV,nonword,match,pal,tif,filler07,None
block63,ciroca,CV,CV,nonword,match,pal,cir,filler08,None
block63,tocensia,CV,CV,nonword,match,pal,toc,filler09,None
block64,palura,CV,CVC,nonword,mismatch,pal,pal,critical,1
block64,bitero,CV,CVC,nonword,mismatch,pal,bit,filler01,None
block64,tudala,CV,CVC,nonword,mismatch,pal,tud,filler02,None
block64,fivancia,CV,CVC,nonword,mismatch,pal,fiv,filler03,None
block64,turquma,CVC,CVC,nonword,match,pal,tur,filler04,None
block64,ruspina,CVC,CVC,nonword,match,pal,rus,filler05,None
block64,detnana,CVC,CVC,nonword,match,pal,det,filler06,None
block64,tifencio,CV,CVC,nonword,mismatch,pal,tif,filler07,None
block64,zurdado,CVC,CVC,nonword,match,pal,zur,filler08,None
block64,sisluño,CVC,CVC,nonword,match,pal,sis,filler09,None